[{"affects_url": "http://testphp.vulnweb.com/sendcommand.php", "severity": 3, "criticality": 10, "affects_detail": "cart_id", "vt_name": "Blind SQL Injection", "last_seen": null, "status": "open"}, {"affects_url": "http://testphp.vulnweb.com/search.php", "severity": 3, "criticality": 10, "affects_detail": "searchFor", "vt_name": "Blind SQL Injection", "last_seen": null, "status": "open"}, {"affects_url": "http://testphp.vulnweb.com/listproducts.php", "severity": 3, "criticality": 10, "affects_detail": "cat", "vt_name": "Blind SQL Injection", "last_seen": null, "status": "open"}, {"affects_url": "http://testphp.vulnweb.com/userinfo.php", "severity": 3, "criticality": 10, "affects_detail": "pass", "vt_name": "Blind SQL Injection", "last_seen": null, "status": "open"}, {"affects_url": "http://testphp.vulnweb.com/hpp/params.php", "severity": 3, "criticality": 10, "affects_detail": "p", "vt_name": "Cross site scripting", "last_seen": null, "status": "open"}, {"affects_url": "http://testphp.vulnweb.com/hpp/params.php", "severity": 3, "criticality": 10, "affects_detail": "pp", "vt_name": "Cross site scripting", "last_seen": null, "status": "open"}, {"affects_url": "http://testphp.vulnweb.com/search.php", "severity": 3, "criticality": 10, "affects_detail": "searchFor", "vt_name": "Cross site scripting", "last_seen": null, "status": "open"}, {"affects_url": "http://testphp.vulnweb.com/guestbook.php", "severity": 3, "criticality": 10, "affects_detail": "name", "vt_name": "Cross site scripting", "last_seen": null, "status": "open"}, {"affects_url": "http://testphp.vulnweb.com/guestbook.php", "severity": 3, "criticality": 10, "affects_detail": "text", "vt_name": "Cross site scripting", "last_seen": null, "status": "open"}, {"affects_url": "http://testphp.vulnweb.com/hpp", "severity": 3, "criticality": 10, "affects_detail": "pp", "vt_name": "Cross site scripting", "last_seen": null, "status": "open"}, {"affects_url": "http://testphp.vulnweb.com/listproducts.php", "severity": 3, "criticality": 10, "affects_detail": "cat", "vt_name": "Cross site scripting", "last_seen": null, "status": "open"}, {"affects_url": "http://testphp.vulnweb.com/showimage.php", "severity": 3, "criticality": 10, "affects_detail": "file", "vt_name": "Directory traversal", "last_seen": null, "status": "open"}, {"affects_url": "http://testphp.vulnweb.com/", "severity": 3, "criticality": 10, "affects_detail": "", "vt_name": "nginx SPDY heap buffer overflow", "last_seen": null, "status": "open"}, {"affects_url": "http://testphp.vulnweb.com/", "severity": 3, "criticality": 10, "affects_detail": "", "vt_name": "PHP allow_url_fopen enabled (AcuSensor)", "last_seen": null, "status": "open"}, {"affects_url": "http://testphp.vulnweb.com/showimage.php", "severity": 3, "criticality": 10, "affects_detail": "file", "vt_name": "Remote file inclusion XSS", "last_seen": null, "status": "open"}, {"affects_url": "http://testphp.vulnweb.com/showimage.php", "severity": 3, "criticality": 10, "affects_detail": "file", "vt_name": "Script source code disclosure", "last_seen": null, "status": "open"}, {"affects_url": "http://testphp.vulnweb.com/showimage.php", "severity": 3, "criticality": 10, "affects_detail": "file", "vt_name": "Server side request forgery", "last_seen": null, "status": "open"}, {"affects_url": "http://testphp.vulnweb.com/search.php", "severity": 3, "criticality": 10, "affects_detail": "test", "vt_name": "SQL injection", "last_seen": null, "status": "open"}, {"affects_url": "http://testphp.vulnweb.com/search.php", "severity": 3, "criticality": 10, "affects_detail": "searchFor", "vt_name": "SQL injection", "last_seen": null, "status": "open"}, {"affects_url": "http://testphp.vulnweb.com/sendcommand.php", "severity": 3, "criticality": 10, "affects_detail": "cart_id", "vt_name": "SQL injection", "last_seen": null, "status": "open"}, {"affects_url": "http://testphp.vulnweb.com/listproducts.php", "severity": 3, "criticality": 10, "affects_detail": "cat", "vt_name": "SQL injection", "last_seen": null, "status": "open"}, {"affects_url": "http://testphp.vulnweb.com/userinfo.php", "severity": 3, "criticality": 10, "affects_detail": "pass", "vt_name": "SQL injection", "last_seen": null, "status": "open"}, {"affects_url": "http://testphp.vulnweb.com/userinfo.php", "severity": 3, "criticality": 10, "affects_detail": "uname", "vt_name": "SQL injection", "last_seen": null, "status": "open"}, {"affects_url": "http://testphp.vulnweb.com/showimage.php", "severity": 2, "criticality": 10, "affects_detail": "file", "vt_name": "Application error message", "last_seen": null, "status": "open"}, {"affects_url": "http://testphp.vulnweb.com/showimage.php", "severity": 2, "criticality": 10, "affects_detail": "file", "vt_name": "Application error message", "last_seen": null, "status": "open"}, {"affects_url": "http://testphp.vulnweb.com/listproducts.php", "severity": 2, "criticality": 10, "affects_detail": "cat", "vt_name": "Application error message", "last_seen": null, "status": "open"}, {"affects_url": "http://testphp.vulnweb.com/redir.php", "severity": 2, "criticality": 10, "affects_detail": "r", "vt_name": "CRLF injection/HTTP response splitting", "last_seen": null, "status": "open"}, {"affects_url": "http://testphp.vulnweb.com/hpp/params.php", "severity": 2, "criticality": 10, "affects_detail": "p", "vt_name": "Cross domain data hijacking", "last_seen": null, "status": "open"}, {"affects_url": "http://testphp.vulnweb.com/showimage.php", "severity": 2, "criticality": 10, "affects_detail": "file", "vt_name": "Cross site scripting (content-sniffing)", "last_seen": null, "status": "open"}, {"affects_url": "http://testphp.vulnweb.com/", "severity": 2, "criticality": 10, "affects_detail": "Unnamed Form", "vt_name": "HTML form without CSRF protection", "last_seen": null, "status": "open"}, {"affects_url": "http://testphp.vulnweb.com/login.php", "severity": 2, "criticality": 10, "affects_detail": "loginform", "vt_name": "HTML form without CSRF protection", "last_seen": null, "status": "open"}, {"affects_url": "http://testphp.vulnweb.com/guestbook.php", "severity": 2, "criticality": 10, "affects_detail": "faddentry", "vt_name": "HTML form without CSRF protection", "last_seen": null, "status": "open"}, {"affects_url": "http://testphp.vulnweb.com/signup.php", "severity": 2, "criticality": 10, "affects_detail": "form1", "vt_name": "HTML form without CSRF protection", "last_seen": null, "status": "open"}, {"affects_url": "http://testphp.vulnweb.com/comment.php", "severity": 2, "criticality": 10, "affects_detail": "fComment", "vt_name": "HTML form without CSRF protection", "last_seen": null, "status": "open"}, {"affects_url": "http://testphp.vulnweb.com/hpp", "severity": 2, "criticality": 10, "affects_detail": "Unnamed Form", "vt_name": "HTML form without CSRF protection", "last_seen": null, "status": "open"}, {"affects_url": "http://testphp.vulnweb.com/hpp", "severity": 2, "criticality": 10, "affects_detail": "pp", "vt_name": "HTTP parameter pollution", "last_seen": null, "status": "open"}, {"affects_url": "http://testphp.vulnweb.com/", "severity": 2, "criticality": 10, "affects_detail": "", "vt_name": "Insecure crossdomain.xml file", "last_seen": null, "status": "open"}, {"affects_url": "http://testphp.vulnweb.com/", "severity": 2, "criticality": 10, "affects_detail": "", "vt_name": "PHP errors enabled (AcuSensor)", "last_seen": null, "status": "open"}, {"affects_url": "http://testphp.vulnweb.com/redir.php", "severity": 2, "criticality": 10, "affects_detail": "r", "vt_name": "URL redirection", "last_seen": null, "status": "open"}, {"affects_url": "http://testphp.vulnweb.com/login.php", "severity": 2, "criticality": 10, "affects_detail": "", "vt_name": "User credentials are sent in clear text", "last_seen": null, "status": "open"}, {"affects_url": "http://testphp.vulnweb.com/signup.php", "severity": 2, "criticality": 10, "affects_detail": "", "vt_name": "User credentials are sent in clear text", "last_seen": null, "status": "open"}, {"affects_url": "http://testphp.vulnweb.com/", "severity": 1, "criticality": 10, "affects_detail": "", "vt_name": "Clickjacking: X-Frame-Options header missing", "last_seen": null, "status": "open"}, {"affects_url": "http://testphp.vulnweb.com/product.php", "severity": 1, "criticality": 10, "affects_detail": "", "vt_name": "Hidden form input named price was found", "last_seen": null, "status": "open"}, {"affects_url": "http://testphp.vulnweb.com/userinfo.php", "severity": 1, "criticality": 10, "affects_detail": "", "vt_name": "Login page password-guessing attack", "last_seen": null, "status": "open"}, {"affects_url": "http://testphp.vulnweb.com/", "severity": 1, "criticality": 10, "affects_detail": "", "vt_name": "Possible virtual host found", "last_seen": null, "status": "open"}, {"affects_url": "http://testphp.vulnweb.com/privacy.php", "severity": 0, "criticality": 10, "affects_detail": "", "vt_name": "Broken links", "last_seen": null, "status": "open"}, {"affects_url": "http://testphp.vulnweb.com/Mod_Rewrite_Shop/Details/color-printer/3", "severity": 0, "criticality": 10, "affects_detail": "", "vt_name": "Broken links", "last_seen": null, "status": "open"}, {"affects_url": "http://testphp.vulnweb.com/Mod_Rewrite_Shop/Details/web-camera-a4tech/2", "severity": 0, "criticality": 10, "affects_detail": "", "vt_name": "Broken links", "last_seen": null, "status": "open"}, {"affects_url": "http://testphp.vulnweb.com/Mod_Rewrite_Shop/Details/network-attached-storage-dlink/1", "severity": 0, "criticality": 10, "affects_detail": "", "vt_name": "Broken links", "last_seen": null, "status": "open"}, {"affects_url": "http://testphp.vulnweb.com/medias/css/main.css", "severity": 0, "criticality": 10, "affects_detail": "", "vt_name": "Broken links", "last_seen": null, "status": "open"}, {"affects_url": "http://testphp.vulnweb.com/medias/js/common_functions.js", "severity": 0, "criticality": 10, "affects_detail": "", "vt_name": "Broken links", "last_seen": null, "status": "open"}, {"affects_url": "http://testphp.vulnweb.com/secured/office_files/filelist.xml", "severity": 0, "criticality": 10, "affects_detail": "", "vt_name": "Broken links", "last_seen": null, "status": "open"}, {"affects_url": "http://testphp.vulnweb.com/login.php", "severity": 0, "criticality": 10, "affects_detail": "", "vt_name": "Password type input with auto-complete enabled", "last_seen": null, "status": "open"}, {"affects_url": "http://testphp.vulnweb.com/signup.php", "severity": 0, "criticality": 10, "affects_detail": "", "vt_name": "Password type input with auto-complete enabled", "last_seen": null, "status": "open"}]